{
  "accuracy": 0.967091248967526,
  "f1": 0.9091689238069446,
  "auc": 0.9834547242783339,
  "n_train": 552070,
  "n_val": 138018,
  "n_features": 15
}